{
    "MAE": 0.31008126096863936,
    "RMSE": 0.4586340135535138,
    "R2": 0.7214712981468367,
    "CV_RMSE": 0.49125023654674094
}