{
    "MAE": 0.3078351942273227,
    "RMSE": 0.4650234532714973,
    "R2": 1.0,
    "CV_RMSE": 0.488911217656227
}